timestamp_ms,server_id,latency_ms,assigned
0,A,122.7,edge-simulated
0,B,168.27,edge-simulated
1,A,24.68,edge-simulated
1,B,30.9,edge-simulated
2,A,27.37,edge-simulated
2,B,28.41,edge-simulated
3,A,23.92,edge-simulated
3,B,34.37,edge-simulated
4,A,35.2,edge-simulated
4,B,29.79,edge-simulated
5,A,51.51,edge-simulated
5,B,31.42,edge-simulated
6,A,33.63,edge-simulated
6,B,28.87,edge-simulated
7,A,31.28,edge-simulated
7,B,33.1,edge-simulated
8,A,27.9,edge-simulated
8,B,36.8,edge-simulated
9,A,29.3,edge-simulated
9,B,30.0,edge-simulated
10,A,31.06,edge-simulated
10,B,35.0,edge-simulated
11,A,34.3,edge-simulated
11,B,27.11,edge-simulated
12,A,30.54,edge-simulated
12,B,29.92,edge-simulated
13,A,39.47,edge-simulated
13,B,39.96,edge-simulated
14,A,28.02,edge-simulated
14,B,29.24,edge-simulated
15,A,42.59,edge-simulated
15,B,29.87,edge-simulated
16,A,30.32,edge-simulated
16,B,31.16,edge-simulated
17,A,22.31,edge-simulated
17,B,31.07,edge-simulated
18,A,30.15,edge-simulated
18,B,28.65,edge-simulated
19,A,88.08,edge-simulated
19,B,69.3,edge-simulated
20,A,20.16,edge-simulated
20,B,25.98,edge-simulated
21,A,36.22,edge-simulated
21,B,29.0,edge-simulated
22,A,34.46,edge-simulated
22,B,21.56,edge-simulated
23,A,26.15,edge-simulated
23,B,29.68,edge-simulated
24,A,30.51,edge-simulated
24,B,21.31,edge-simulated
25,A,67.79,edge-simulated
25,B,32.88,edge-simulated
26,A,29.11,edge-simulated
26,B,36.23,edge-simulated
27,A,27.76,edge-simulated
27,B,35.2,edge-simulated
28,A,32.86,edge-simulated
28,B,35.31,edge-simulated
29,A,31.17,edge-simulated
29,B,30.32,edge-simulated
30,A,32.77,edge-simulated
30,B,68.47,edge-simulated
31,A,30.74,edge-simulated
31,B,31.52,edge-simulated
32,A,29.23,edge-simulated
32,B,25.43,edge-simulated
33,A,32.41,edge-simulated
33,B,36.78,edge-simulated
34,A,25.53,edge-simulated
34,B,37.9,edge-simulated
35,A,29.99,edge-simulated
35,B,23.26,edge-simulated
36,A,29.47,edge-simulated
36,B,53.38,edge-simulated
37,A,34.47,edge-simulated
37,B,32.62,edge-simulated
38,A,33.52,edge-simulated
38,B,34.65,edge-simulated
39,A,24.33,edge-simulated
39,B,33.41,edge-simulated
40,A,27.5,edge-simulated
40,B,25.03,edge-simulated
41,A,27.48,edge-simulated
41,B,23.03,edge-simulated
42,A,42.87,edge-simulated
42,B,31.12,edge-simulated
43,A,88.6,edge-simulated
43,B,28.08,edge-simulated
44,A,35.79,edge-simulated
44,B,27.86,edge-simulated
45,A,20.18,edge-simulated
45,B,31.78,edge-simulated
46,A,24.55,edge-simulated
46,B,36.91,edge-simulated
47,A,27.32,edge-simulated
47,B,28.12,edge-simulated
48,A,30.07,edge-simulated
48,B,37.06,edge-simulated
49,A,30.68,edge-simulated
49,B,53.24,edge-simulated
50,A,22.2,edge-simulated
50,B,91.31,edge-simulated
51,A,35.59,edge-simulated
51,B,26.39,edge-simulated
52,A,20.76,edge-simulated
52,B,25.25,edge-simulated
53,A,27.49,edge-simulated
53,B,26.02,edge-simulated
54,A,42.57,edge-simulated
54,B,29.14,edge-simulated
55,A,29.93,edge-simulated
55,B,35.62,edge-simulated
56,A,27.22,edge-simulated
56,B,54.82,edge-simulated
57,A,26.36,edge-simulated
57,B,29.85,edge-simulated
58,A,62.81,edge-simulated
58,B,104.57,edge-simulated
59,A,21.23,edge-simulated
59,B,26.78,edge-simulated
60,A,30.96,edge-simulated
60,B,33.41,edge-simulated
61,A,24.33,edge-simulated
61,B,33.99,edge-simulated
62,A,28.99,edge-simulated
62,B,26.28,edge-simulated
63,A,56.3,edge-simulated
63,B,28.56,edge-simulated
64,A,29.98,edge-simulated
64,B,27.94,edge-simulated
65,A,16.12,edge-simulated
65,B,25.05,edge-simulated
66,A,27.54,edge-simulated
66,B,31.33,edge-simulated
67,A,24.55,edge-simulated
67,B,33.93,edge-simulated
68,A,34.6,edge-simulated
68,B,30.47,edge-simulated
69,A,35.06,edge-simulated
69,B,41.28,edge-simulated
70,A,86.02,edge-simulated
70,B,30.04,edge-simulated
71,A,24.09,edge-simulated
71,B,35.48,edge-simulated
72,A,30.13,edge-simulated
72,B,29.83,edge-simulated
73,A,23.61,edge-simulated
73,B,41.46,edge-simulated
74,A,37.27,edge-simulated
74,B,28.54,edge-simulated
75,A,30.17,edge-simulated
75,B,33.94,edge-simulated
76,A,30.64,edge-simulated
76,B,38.83,edge-simulated
77,A,25.01,edge-simulated
77,B,27.99,edge-simulated
78,A,31.36,edge-simulated
78,B,33.82,edge-simulated
79,A,20.43,edge-simulated
79,B,53.77,edge-simulated
80,A,77.52,edge-simulated
80,B,27.74,edge-simulated
81,A,29.82,edge-simulated
81,B,30.29,edge-simulated
82,A,31.45,edge-simulated
82,B,24.18,edge-simulated
83,A,64.48,edge-simulated
83,B,31.26,edge-simulated
84,A,35.65,edge-simulated
84,B,32.1,edge-simulated
85,A,24.89,edge-simulated
85,B,33.92,edge-simulated
86,A,34.09,edge-simulated
86,B,27.78,edge-simulated
87,A,27.42,edge-simulated
87,B,32.82,edge-simulated
88,A,29.52,edge-simulated
88,B,49.32,edge-simulated
89,A,69.49,edge-simulated
89,B,26.11,edge-simulated
90,A,27.38,edge-simulated
90,B,28.36,edge-simulated
91,A,58.4,edge-simulated
91,B,28.37,edge-simulated
92,A,33.64,edge-simulated
92,B,25.73,edge-simulated
93,A,24.82,edge-simulated
93,B,26.27,edge-simulated
94,A,28.81,edge-simulated
94,B,25.83,edge-simulated
95,A,26.37,edge-simulated
95,B,20.21,edge-simulated
96,A,21.73,edge-simulated
96,B,34.65,edge-simulated
97,A,22.51,edge-simulated
97,B,29.85,edge-simulated
98,A,30.12,edge-simulated
98,B,77.96,edge-simulated
99,A,90.53,edge-simulated
99,B,34.16,edge-simulated
100,A,122.36,edge-simulated
100,B,195.77,edge-simulated
101,A,34.77,edge-simulated
101,B,24.58,edge-simulated
102,A,35.51,edge-simulated
102,B,32.36,edge-simulated
103,A,31.3,edge-simulated
103,B,28.21,edge-simulated
104,A,21.23,edge-simulated
104,B,31.5,edge-simulated
105,A,39.45,edge-simulated
105,B,43.31,edge-simulated
106,A,38.68,edge-simulated
106,B,28.33,edge-simulated
107,A,26.63,edge-simulated
107,B,77.58,edge-simulated
108,A,37.87,edge-simulated
108,B,24.2,edge-simulated
109,A,28.19,edge-simulated
109,B,23.97,edge-simulated
110,A,37.49,edge-simulated
110,B,91.62,edge-simulated
111,A,29.99,edge-simulated
111,B,30.94,edge-simulated
112,A,31.25,edge-simulated
112,B,29.49,edge-simulated
113,A,23.91,edge-simulated
113,B,32.92,edge-simulated
114,A,32.74,edge-simulated
114,B,28.13,edge-simulated
115,A,38.8,edge-simulated
115,B,27.42,edge-simulated
116,A,26.6,edge-simulated
116,B,25.11,edge-simulated
117,A,28.79,edge-simulated
117,B,34.96,edge-simulated
118,A,25.26,edge-simulated
118,B,34.39,edge-simulated
119,A,24.6,edge-simulated
119,B,32.34,edge-simulated
120,A,37.67,edge-simulated
120,B,28.77,edge-simulated
121,A,30.71,edge-simulated
121,B,33.17,edge-simulated
122,A,23.35,edge-simulated
122,B,27.34,edge-simulated
123,A,70.05,edge-simulated
123,B,36.51,edge-simulated
124,A,28.34,edge-simulated
124,B,32.78,edge-simulated
125,A,26.33,edge-simulated
125,B,29.82,edge-simulated
126,A,28.02,edge-simulated
126,B,28.4,edge-simulated
127,A,26.96,edge-simulated
127,B,28.15,edge-simulated
128,A,23.97,edge-simulated
128,B,25.17,edge-simulated
129,A,51.47,edge-simulated
129,B,91.36,edge-simulated
130,A,30.09,edge-simulated
130,B,30.0,edge-simulated
131,A,23.25,edge-simulated
131,B,33.35,edge-simulated
132,A,30.98,edge-simulated
132,B,18.37,edge-simulated
133,A,26.23,edge-simulated
133,B,29.84,edge-simulated
134,A,31.47,edge-simulated
134,B,26.23,edge-simulated
135,A,18.64,edge-simulated
135,B,37.68,edge-simulated
136,A,35.27,edge-simulated
136,B,36.06,edge-simulated
137,A,27.9,edge-simulated
137,B,34.88,edge-simulated
138,A,28.2,edge-simulated
138,B,33.26,edge-simulated
139,A,30.21,edge-simulated
139,B,36.41,edge-simulated
140,A,32.37,edge-simulated
140,B,32.67,edge-simulated
141,A,28.38,edge-simulated
141,B,29.22,edge-simulated
142,A,20.27,edge-simulated
142,B,27.03,edge-simulated
143,A,31.38,edge-simulated
143,B,33.37,edge-simulated
144,A,24.42,edge-simulated
144,B,32.34,edge-simulated
145,A,28.53,edge-simulated
145,B,24.01,edge-simulated
146,A,34.08,edge-simulated
146,B,35.48,edge-simulated
147,A,29.02,edge-simulated
147,B,25.27,edge-simulated
148,A,28.82,edge-simulated
148,B,22.77,edge-simulated
149,A,42.64,edge-simulated
149,B,30.19,edge-simulated
150,A,19.04,edge-simulated
150,B,23.7,edge-simulated
151,A,35.79,edge-simulated
151,B,28.65,edge-simulated
152,A,26.73,edge-simulated
152,B,33.35,edge-simulated
153,A,27.16,edge-simulated
153,B,35.32,edge-simulated
154,A,38.24,edge-simulated
154,B,24.11,edge-simulated
155,A,24.1,edge-simulated
155,B,39.37,edge-simulated
156,A,65.86,edge-simulated
156,B,31.41,edge-simulated
157,A,20.31,edge-simulated
157,B,29.63,edge-simulated
158,A,30.79,edge-simulated
158,B,36.46,edge-simulated
159,A,27.28,edge-simulated
159,B,65.71,edge-simulated
160,A,52.37,edge-simulated
160,B,31.44,edge-simulated
161,A,16.34,edge-simulated
161,B,31.92,edge-simulated
162,A,31.07,edge-simulated
162,B,32.87,edge-simulated
163,A,28.87,edge-simulated
163,B,56.14,edge-simulated
164,A,30.46,edge-simulated
164,B,31.26,edge-simulated
165,A,31.28,edge-simulated
165,B,42.87,edge-simulated
166,A,29.83,edge-simulated
166,B,29.7,edge-simulated
167,A,25.14,edge-simulated
167,B,24.31,edge-simulated
168,A,25.65,edge-simulated
168,B,33.98,edge-simulated
169,A,30.39,edge-simulated
169,B,28.55,edge-simulated
170,A,36.54,edge-simulated
170,B,33.91,edge-simulated
171,A,21.35,edge-simulated
171,B,30.13,edge-simulated
172,A,34.68,edge-simulated
172,B,29.15,edge-simulated
173,A,40.8,edge-simulated
173,B,30.98,edge-simulated
174,A,34.15,edge-simulated
174,B,24.56,edge-simulated
175,A,25.65,edge-simulated
175,B,30.46,edge-simulated
176,A,24.95,edge-simulated
176,B,33.23,edge-simulated
177,A,18.39,edge-simulated
177,B,30.76,edge-simulated
178,A,32.88,edge-simulated
178,B,59.55,edge-simulated
179,A,24.54,edge-simulated
179,B,27.82,edge-simulated
180,A,39.23,edge-simulated
180,B,27.62,edge-simulated
181,A,37.32,edge-simulated
181,B,29.2,edge-simulated
182,A,23.58,edge-simulated
182,B,29.9,edge-simulated
183,A,23.14,edge-simulated
183,B,23.08,edge-simulated
184,A,25.32,edge-simulated
184,B,33.5,edge-simulated
185,A,38.52,edge-simulated
185,B,29.58,edge-simulated
186,A,31.57,edge-simulated
186,B,49.35,edge-simulated
187,A,31.44,edge-simulated
187,B,80.67,edge-simulated
188,A,27.24,edge-simulated
188,B,22.44,edge-simulated
189,A,26.62,edge-simulated
189,B,31.0,edge-simulated
190,A,30.2,edge-simulated
190,B,34.77,edge-simulated
191,A,76.56,edge-simulated
191,B,26.64,edge-simulated
192,A,26.38,edge-simulated
192,B,37.71,edge-simulated
193,A,33.74,edge-simulated
193,B,30.34,edge-simulated
194,A,31.97,edge-simulated
194,B,38.74,edge-simulated
195,A,33.27,edge-simulated
195,B,31.74,edge-simulated
196,A,26.96,edge-simulated
196,B,29.91,edge-simulated
197,A,35.11,edge-simulated
197,B,27.69,edge-simulated
198,A,27.74,edge-simulated
198,B,27.69,edge-simulated
199,A,31.86,edge-simulated
199,B,27.93,edge-simulated
200,A,151.35,edge-simulated
200,B,123.17,edge-simulated
201,A,23.78,edge-simulated
201,B,29.88,edge-simulated
202,A,34.08,edge-simulated
202,B,20.77,edge-simulated
203,A,27.76,edge-simulated
203,B,32.8,edge-simulated
204,A,24.81,edge-simulated
204,B,32.05,edge-simulated
205,A,29.83,edge-simulated
205,B,88.98,edge-simulated
206,A,30.68,edge-simulated
206,B,26.57,edge-simulated
207,A,35.55,edge-simulated
207,B,40.47,edge-simulated
208,A,28.63,edge-simulated
208,B,36.63,edge-simulated
209,A,25.74,edge-simulated
209,B,23.41,edge-simulated
210,A,31.22,edge-simulated
210,B,68.85,edge-simulated
211,A,74.05,edge-simulated
211,B,28.44,edge-simulated
212,A,30.8,edge-simulated
212,B,27.86,edge-simulated
213,A,26.54,edge-simulated
213,B,26.1,edge-simulated
214,A,27.82,edge-simulated
214,B,22.01,edge-simulated
215,A,25.82,edge-simulated
215,B,41.9,edge-simulated
216,A,24.33,edge-simulated
216,B,36.91,edge-simulated
217,A,29.89,edge-simulated
217,B,26.89,edge-simulated
218,A,31.41,edge-simulated
218,B,26.99,edge-simulated
219,A,31.11,edge-simulated
219,B,28.29,edge-simulated
220,A,34.31,edge-simulated
220,B,20.7,edge-simulated
221,A,76.82,edge-simulated
221,B,31.83,edge-simulated
222,A,30.48,edge-simulated
222,B,31.07,edge-simulated
223,A,28.52,edge-simulated
223,B,29.3,edge-simulated
224,A,23.74,edge-simulated
224,B,38.53,edge-simulated
225,A,35.73,edge-simulated
225,B,22.91,edge-simulated
226,A,36.13,edge-simulated
226,B,29.02,edge-simulated
227,A,33.67,edge-simulated
227,B,70.06,edge-simulated
228,A,29.15,edge-simulated
228,B,29.6,edge-simulated
229,A,30.01,edge-simulated
229,B,28.44,edge-simulated
230,A,38.94,edge-simulated
230,B,24.64,edge-simulated
231,A,27.8,edge-simulated
231,B,38.18,edge-simulated
232,A,61.36,edge-simulated
232,B,92.16,edge-simulated
233,A,37.34,edge-simulated
233,B,18.08,edge-simulated
234,A,37.07,edge-simulated
234,B,58.12,edge-simulated
235,A,32.37,edge-simulated
235,B,39.45,edge-simulated
236,A,38.3,edge-simulated
236,B,27.91,edge-simulated
237,A,28.84,edge-simulated
237,B,29.5,edge-simulated
238,A,23.4,edge-simulated
238,B,15.45,edge-simulated
239,A,39.7,edge-simulated
239,B,32.02,edge-simulated
240,A,24.29,edge-simulated
240,B,34.0,edge-simulated
241,A,23.94,edge-simulated
241,B,30.15,edge-simulated
242,A,27.43,edge-simulated
242,B,56.71,edge-simulated
243,A,32.67,edge-simulated
243,B,25.72,edge-simulated
244,A,36.65,edge-simulated
244,B,28.61,edge-simulated
245,A,29.15,edge-simulated
245,B,26.79,edge-simulated
246,A,26.21,edge-simulated
246,B,32.64,edge-simulated
247,A,39.84,edge-simulated
247,B,25.71,edge-simulated
248,A,27.02,edge-simulated
248,B,31.38,edge-simulated
249,A,31.11,edge-simulated
249,B,25.88,edge-simulated
250,A,24.83,edge-simulated
250,B,30.66,edge-simulated
251,A,24.31,edge-simulated
251,B,31.7,edge-simulated
252,A,82.43,edge-simulated
252,B,28.17,edge-simulated
253,A,26.92,edge-simulated
253,B,33.22,edge-simulated
254,A,25.37,edge-simulated
254,B,55.51,edge-simulated
255,A,24.97,edge-simulated
255,B,29.25,edge-simulated
256,A,32.27,edge-simulated
256,B,34.76,edge-simulated
257,A,31.92,edge-simulated
257,B,66.7,edge-simulated
258,A,31.5,edge-simulated
258,B,59.54,edge-simulated
259,A,99.36,edge-simulated
259,B,75.8,edge-simulated
260,A,70.27,edge-simulated
260,B,30.52,edge-simulated
261,A,43.93,edge-simulated
261,B,32.63,edge-simulated
262,A,31.64,edge-simulated
262,B,20.1,edge-simulated
263,A,29.47,edge-simulated
263,B,27.9,edge-simulated
264,A,34.79,edge-simulated
264,B,37.68,edge-simulated
265,A,29.4,edge-simulated
265,B,55.08,edge-simulated
266,A,32.8,edge-simulated
266,B,33.46,edge-simulated
267,A,61.74,edge-simulated
267,B,36.97,edge-simulated
268,A,20.89,edge-simulated
268,B,33.93,edge-simulated
269,A,23.61,edge-simulated
269,B,29.8,edge-simulated
270,A,29.14,edge-simulated
270,B,26.25,edge-simulated
271,A,33.64,edge-simulated
271,B,32.84,edge-simulated
272,A,28.06,edge-simulated
272,B,30.61,edge-simulated
273,A,29.63,edge-simulated
273,B,40.17,edge-simulated
274,A,22.08,edge-simulated
274,B,28.73,edge-simulated
275,A,30.92,edge-simulated
275,B,28.51,edge-simulated
276,A,33.45,edge-simulated
276,B,33.97,edge-simulated
277,A,30.14,edge-simulated
277,B,69.55,edge-simulated
278,A,28.48,edge-simulated
278,B,35.7,edge-simulated
279,A,30.04,edge-simulated
279,B,78.98,edge-simulated
280,A,31.56,edge-simulated
280,B,27.13,edge-simulated
281,A,22.82,edge-simulated
281,B,28.77,edge-simulated
282,A,36.5,edge-simulated
282,B,28.42,edge-simulated
283,A,30.85,edge-simulated
283,B,31.83,edge-simulated
284,A,25.35,edge-simulated
284,B,91.93,edge-simulated
285,A,27.99,edge-simulated
285,B,24.38,edge-simulated
286,A,82.63,edge-simulated
286,B,27.61,edge-simulated
287,A,25.23,edge-simulated
287,B,35.91,edge-simulated
288,A,24.02,edge-simulated
288,B,33.18,edge-simulated
289,A,33.88,edge-simulated
289,B,27.47,edge-simulated
290,A,40.87,edge-simulated
290,B,34.59,edge-simulated
291,A,31.68,edge-simulated
291,B,27.49,edge-simulated
292,A,22.18,edge-simulated
292,B,35.69,edge-simulated
293,A,26.52,edge-simulated
293,B,30.19,edge-simulated
294,A,23.19,edge-simulated
294,B,58.36,edge-simulated
295,A,30.77,edge-simulated
295,B,28.56,edge-simulated
296,A,28.44,edge-simulated
296,B,38.08,edge-simulated
297,A,25.19,edge-simulated
297,B,12.38,edge-simulated
298,A,26.45,edge-simulated
298,B,29.86,edge-simulated
299,A,34.16,edge-simulated
299,B,29.32,edge-simulated
300,A,112.42,edge-simulated
300,B,156.6,edge-simulated
301,A,32.29,edge-simulated
301,B,31.64,edge-simulated
302,A,56.77,edge-simulated
302,B,30.77,edge-simulated
303,A,37.44,edge-simulated
303,B,27.07,edge-simulated
304,A,25.36,edge-simulated
304,B,32.99,edge-simulated
305,A,27.3,edge-simulated
305,B,24.59,edge-simulated
306,A,27.8,edge-simulated
306,B,26.47,edge-simulated
307,A,34.79,edge-simulated
307,B,25.2,edge-simulated
308,A,40.52,edge-simulated
308,B,75.89,edge-simulated
309,A,34.35,edge-simulated
309,B,34.67,edge-simulated
310,A,26.62,edge-simulated
310,B,31.02,edge-simulated
311,A,24.41,edge-simulated
311,B,26.83,edge-simulated
312,A,60.74,edge-simulated
312,B,27.97,edge-simulated
313,A,21.79,edge-simulated
313,B,35.64,edge-simulated
314,A,27.11,edge-simulated
314,B,29.35,edge-simulated
315,A,25.48,edge-simulated
315,B,29.72,edge-simulated
316,A,76.09,edge-simulated
316,B,31.72,edge-simulated
317,A,20.05,edge-simulated
317,B,28.93,edge-simulated
318,A,31.32,edge-simulated
318,B,43.32,edge-simulated
319,A,31.36,edge-simulated
319,B,29.46,edge-simulated
320,A,31.6,edge-simulated
320,B,35.89,edge-simulated
321,A,39.99,edge-simulated
321,B,28.2,edge-simulated
322,A,33.14,edge-simulated
322,B,24.78,edge-simulated
323,A,32.67,edge-simulated
323,B,20.25,edge-simulated
324,A,74.4,edge-simulated
324,B,33.91,edge-simulated
325,A,29.13,edge-simulated
325,B,38.45,edge-simulated
326,A,25.69,edge-simulated
326,B,29.76,edge-simulated
327,A,25.66,edge-simulated
327,B,31.23,edge-simulated
328,A,38.93,edge-simulated
328,B,20.13,edge-simulated
329,A,33.39,edge-simulated
329,B,33.81,edge-simulated
330,A,64.31,edge-simulated
330,B,35.5,edge-simulated
331,A,78.4,edge-simulated
331,B,28.8,edge-simulated
332,A,30.32,edge-simulated
332,B,35.35,edge-simulated
333,A,29.76,edge-simulated
333,B,98.97,edge-simulated
334,A,35.46,edge-simulated
334,B,23.02,edge-simulated
335,A,28.07,edge-simulated
335,B,34.8,edge-simulated
336,A,84.15,edge-simulated
336,B,27.88,edge-simulated
337,A,26.29,edge-simulated
337,B,36.07,edge-simulated
338,A,68.06,edge-simulated
338,B,19.81,edge-simulated
339,A,40.33,edge-simulated
339,B,35.02,edge-simulated
340,A,34.09,edge-simulated
340,B,32.29,edge-simulated
341,A,19.45,edge-simulated
341,B,28.69,edge-simulated
342,A,77.2,edge-simulated
342,B,37.19,edge-simulated
343,A,31.9,edge-simulated
343,B,33.72,edge-simulated
344,A,36.69,edge-simulated
344,B,33.91,edge-simulated
345,A,30.27,edge-simulated
345,B,38.79,edge-simulated
346,A,26.96,edge-simulated
346,B,23.13,edge-simulated
347,A,27.76,edge-simulated
347,B,27.31,edge-simulated
348,A,31.2,edge-simulated
348,B,41.75,edge-simulated
349,A,33.99,edge-simulated
349,B,32.08,edge-simulated
350,A,19.73,edge-simulated
350,B,21.19,edge-simulated
351,A,39.94,edge-simulated
351,B,23.57,edge-simulated
352,A,32.47,edge-simulated
352,B,23.85,edge-simulated
353,A,30.08,edge-simulated
353,B,28.0,edge-simulated
354,A,27.38,edge-simulated
354,B,26.25,edge-simulated
355,A,40.58,edge-simulated
355,B,38.63,edge-simulated
356,A,25.69,edge-simulated
356,B,31.77,edge-simulated
357,A,20.52,edge-simulated
357,B,30.66,edge-simulated
358,A,26.86,edge-simulated
358,B,31.36,edge-simulated
359,A,28.91,edge-simulated
359,B,29.26,edge-simulated
360,A,36.11,edge-simulated
360,B,30.98,edge-simulated
361,A,34.25,edge-simulated
361,B,30.35,edge-simulated
362,A,18.79,edge-simulated
362,B,33.15,edge-simulated
363,A,32.05,edge-simulated
363,B,82.04,edge-simulated
364,A,29.13,edge-simulated
364,B,24.12,edge-simulated
365,A,71.05,edge-simulated
365,B,33.38,edge-simulated
366,A,33.1,edge-simulated
366,B,35.76,edge-simulated
367,A,29.83,edge-simulated
367,B,53.46,edge-simulated
368,A,31.07,edge-simulated
368,B,33.4,edge-simulated
369,A,28.34,edge-simulated
369,B,25.42,edge-simulated
370,A,31.49,edge-simulated
370,B,26.46,edge-simulated
371,A,34.33,edge-simulated
371,B,27.93,edge-simulated
372,A,31.5,edge-simulated
372,B,29.68,edge-simulated
373,A,82.98,edge-simulated
373,B,27.1,edge-simulated
374,A,46.16,edge-simulated
374,B,27.9,edge-simulated
375,A,24.47,edge-simulated
375,B,76.55,edge-simulated
376,A,28.99,edge-simulated
376,B,77.81,edge-simulated
377,A,39.02,edge-simulated
377,B,29.16,edge-simulated
378,A,33.98,edge-simulated
378,B,26.8,edge-simulated
379,A,33.57,edge-simulated
379,B,19.51,edge-simulated
380,A,32.02,edge-simulated
380,B,30.34,edge-simulated
381,A,23.13,edge-simulated
381,B,28.82,edge-simulated
382,A,32.87,edge-simulated
382,B,30.8,edge-simulated
383,A,35.04,edge-simulated
383,B,25.64,edge-simulated
384,A,34.12,edge-simulated
384,B,25.4,edge-simulated
385,A,35.51,edge-simulated
385,B,32.25,edge-simulated
386,A,63.3,edge-simulated
386,B,97.63,edge-simulated
387,A,35.47,edge-simulated
387,B,19.43,edge-simulated
388,A,35.46,edge-simulated
388,B,26.58,edge-simulated
389,A,18.04,edge-simulated
389,B,26.08,edge-simulated
390,A,68.46,edge-simulated
390,B,33.53,edge-simulated
391,A,28.88,edge-simulated
391,B,27.51,edge-simulated
392,A,31.61,edge-simulated
392,B,72.39,edge-simulated
393,A,30.68,edge-simulated
393,B,72.47,edge-simulated
394,A,28.67,edge-simulated
394,B,27.77,edge-simulated
395,A,70.37,edge-simulated
395,B,47.25,edge-simulated
396,A,32.45,edge-simulated
396,B,37.06,edge-simulated
397,A,29.77,edge-simulated
397,B,26.69,edge-simulated
398,A,53.01,edge-simulated
398,B,36.99,edge-simulated
399,A,27.67,edge-simulated
399,B,29.77,edge-simulated
400,A,159.53,edge-simulated
400,B,195.52,edge-simulated
401,A,27.74,edge-simulated
401,B,34.25,edge-simulated
402,A,36.71,edge-simulated
402,B,33.87,edge-simulated
403,A,59.11,edge-simulated
403,B,25.83,edge-simulated
404,A,36.42,edge-simulated
404,B,24.58,edge-simulated
405,A,27.74,edge-simulated
405,B,27.18,edge-simulated
406,A,32.63,edge-simulated
406,B,33.76,edge-simulated
407,A,19.35,edge-simulated
407,B,33.74,edge-simulated
408,A,27.53,edge-simulated
408,B,55.29,edge-simulated
409,A,33.84,edge-simulated
409,B,34.23,edge-simulated
410,A,27.2,edge-simulated
410,B,25.93,edge-simulated
411,A,32.43,edge-simulated
411,B,32.41,edge-simulated
412,A,27.73,edge-simulated
412,B,38.81,edge-simulated
413,A,26.52,edge-simulated
413,B,19.99,edge-simulated
414,A,34.81,edge-simulated
414,B,39.06,edge-simulated
415,A,38.8,edge-simulated
415,B,34.1,edge-simulated
416,A,18.02,edge-simulated
416,B,32.84,edge-simulated
417,A,29.87,edge-simulated
417,B,73.54,edge-simulated
418,A,30.3,edge-simulated
418,B,28.89,edge-simulated
419,A,87.35,edge-simulated
419,B,21.52,edge-simulated
420,A,31.08,edge-simulated
420,B,32.25,edge-simulated
421,A,33.84,edge-simulated
421,B,34.36,edge-simulated
422,A,39.11,edge-simulated
422,B,27.3,edge-simulated
423,A,27.34,edge-simulated
423,B,39.63,edge-simulated
424,A,25.14,edge-simulated
424,B,27.0,edge-simulated
425,A,32.78,edge-simulated
425,B,36.57,edge-simulated
426,A,25.49,edge-simulated
426,B,22.15,edge-simulated
427,A,34.71,edge-simulated
427,B,35.52,edge-simulated
428,A,27.61,edge-simulated
428,B,67.42,edge-simulated
429,A,27.76,edge-simulated
429,B,32.45,edge-simulated
430,A,25.67,edge-simulated
430,B,21.78,edge-simulated
431,A,30.03,edge-simulated
431,B,26.09,edge-simulated
432,A,23.6,edge-simulated
432,B,31.73,edge-simulated
433,A,32.57,edge-simulated
433,B,28.19,edge-simulated
434,A,57.57,edge-simulated
434,B,36.26,edge-simulated
435,A,36.14,edge-simulated
435,B,39.83,edge-simulated
436,A,20.19,edge-simulated
436,B,25.0,edge-simulated
437,A,28.98,edge-simulated
437,B,27.02,edge-simulated
438,A,29.94,edge-simulated
438,B,36.86,edge-simulated
439,A,31.97,edge-simulated
439,B,32.18,edge-simulated
440,A,33.78,edge-simulated
440,B,33.61,edge-simulated
441,A,32.54,edge-simulated
441,B,73.3,edge-simulated
442,A,36.55,edge-simulated
442,B,34.68,edge-simulated
443,A,31.29,edge-simulated
443,B,30.67,edge-simulated
444,A,31.85,edge-simulated
444,B,30.63,edge-simulated
445,A,35.86,edge-simulated
445,B,26.2,edge-simulated
446,A,31.72,edge-simulated
446,B,21.45,edge-simulated
447,A,60.55,edge-simulated
447,B,28.97,edge-simulated
448,A,34.35,edge-simulated
448,B,36.86,edge-simulated
449,A,28.98,edge-simulated
449,B,31.2,edge-simulated
450,A,23.15,edge-simulated
450,B,22.69,edge-simulated
451,A,28.22,edge-simulated
451,B,41.17,edge-simulated
452,A,25.97,edge-simulated
452,B,25.99,edge-simulated
453,A,30.74,edge-simulated
453,B,21.18,edge-simulated
454,A,32.31,edge-simulated
454,B,34.88,edge-simulated
455,A,26.38,edge-simulated
455,B,29.47,edge-simulated
456,A,33.38,edge-simulated
456,B,34.54,edge-simulated
457,A,22.11,edge-simulated
457,B,28.17,edge-simulated
458,A,43.84,edge-simulated
458,B,80.78,edge-simulated
459,A,25.95,edge-simulated
459,B,33.03,edge-simulated
460,A,27.5,edge-simulated
460,B,35.4,edge-simulated
461,A,29.13,edge-simulated
461,B,38.25,edge-simulated
462,A,35.43,edge-simulated
462,B,22.62,edge-simulated
463,A,31.17,edge-simulated
463,B,42.37,edge-simulated
464,A,16.32,edge-simulated
464,B,30.17,edge-simulated
465,A,25.56,edge-simulated
465,B,25.96,edge-simulated
466,A,26.56,edge-simulated
466,B,43.7,edge-simulated
467,A,26.62,edge-simulated
467,B,27.69,edge-simulated
468,A,23.97,edge-simulated
468,B,34.76,edge-simulated
469,A,28.56,edge-simulated
469,B,34.18,edge-simulated
470,A,72.05,edge-simulated
470,B,33.01,edge-simulated
471,A,18.85,edge-simulated
471,B,28.89,edge-simulated
472,A,27.61,edge-simulated
472,B,39.34,edge-simulated
473,A,90.87,edge-simulated
473,B,62.86,edge-simulated
474,A,33.3,edge-simulated
474,B,30.1,edge-simulated
475,A,31.93,edge-simulated
475,B,32.52,edge-simulated
476,A,28.56,edge-simulated
476,B,39.91,edge-simulated
477,A,68.63,edge-simulated
477,B,43.84,edge-simulated
478,A,28.14,edge-simulated
478,B,29.94,edge-simulated
479,A,29.14,edge-simulated
479,B,32.78,edge-simulated
480,A,21.5,edge-simulated
480,B,32.2,edge-simulated
481,A,33.04,edge-simulated
481,B,29.16,edge-simulated
482,A,53.78,edge-simulated
482,B,24.04,edge-simulated
483,A,23.78,edge-simulated
483,B,85.07,edge-simulated
484,A,30.18,edge-simulated
484,B,32.93,edge-simulated
485,A,23.54,edge-simulated
485,B,46.3,edge-simulated
486,A,40.03,edge-simulated
486,B,30.9,edge-simulated
487,A,25.74,edge-simulated
487,B,22.3,edge-simulated
488,A,27.06,edge-simulated
488,B,34.8,edge-simulated
489,A,38.86,edge-simulated
489,B,32.98,edge-simulated
490,A,34.95,edge-simulated
490,B,34.3,edge-simulated
491,A,27.24,edge-simulated
491,B,21.3,edge-simulated
492,A,28.89,edge-simulated
492,B,99.92,edge-simulated
493,A,28.53,edge-simulated
493,B,25.67,edge-simulated
494,A,33.78,edge-simulated
494,B,42.52,edge-simulated
495,A,66.66,edge-simulated
495,B,30.89,edge-simulated
496,A,31.79,edge-simulated
496,B,34.05,edge-simulated
497,A,26.6,edge-simulated
497,B,25.25,edge-simulated
498,A,21.77,edge-simulated
498,B,26.77,edge-simulated
499,A,24.19,edge-simulated
499,B,26.03,edge-simulated
500,A,142.24,edge-simulated
500,B,131.05,edge-simulated
501,A,45.71,edge-simulated
501,B,32.39,edge-simulated
502,A,28.51,edge-simulated
502,B,30.36,edge-simulated
503,A,36.44,edge-simulated
503,B,26.26,edge-simulated
504,A,22.41,edge-simulated
504,B,20.05,edge-simulated
505,A,25.85,edge-simulated
505,B,30.9,edge-simulated
506,A,28.53,edge-simulated
506,B,30.87,edge-simulated
507,A,34.41,edge-simulated
507,B,72.56,edge-simulated
508,A,29.56,edge-simulated
508,B,29.93,edge-simulated
509,A,35.22,edge-simulated
509,B,32.15,edge-simulated
510,A,22.06,edge-simulated
510,B,41.14,edge-simulated
511,A,28.25,edge-simulated
511,B,41.36,edge-simulated
512,A,20.95,edge-simulated
512,B,23.7,edge-simulated
513,A,27.45,edge-simulated
513,B,67.37,edge-simulated
514,A,38.97,edge-simulated
514,B,31.05,edge-simulated
515,A,29.97,edge-simulated
515,B,28.5,edge-simulated
516,A,32.49,edge-simulated
516,B,34.61,edge-simulated
517,A,53.44,edge-simulated
517,B,33.31,edge-simulated
518,A,36.85,edge-simulated
518,B,69.85,edge-simulated
519,A,26.54,edge-simulated
519,B,22.97,edge-simulated
520,A,22.83,edge-simulated
520,B,35.64,edge-simulated
521,A,26.78,edge-simulated
521,B,25.42,edge-simulated
522,A,55.26,edge-simulated
522,B,23.53,edge-simulated
523,A,37.14,edge-simulated
523,B,35.06,edge-simulated
524,A,34.62,edge-simulated
524,B,29.98,edge-simulated
525,A,27.95,edge-simulated
525,B,81.98,edge-simulated
526,A,70.26,edge-simulated
526,B,39.11,edge-simulated
527,A,24.56,edge-simulated
527,B,25.85,edge-simulated
528,A,24.25,edge-simulated
528,B,32.14,edge-simulated
529,A,33.29,edge-simulated
529,B,39.95,edge-simulated
530,A,35.21,edge-simulated
530,B,21.11,edge-simulated
531,A,32.37,edge-simulated
531,B,30.44,edge-simulated
532,A,32.18,edge-simulated
532,B,33.54,edge-simulated
533,A,16.02,edge-simulated
533,B,28.05,edge-simulated
534,A,34.29,edge-simulated
534,B,26.32,edge-simulated
535,A,28.96,edge-simulated
535,B,38.36,edge-simulated
536,A,27.03,edge-simulated
536,B,36.29,edge-simulated
537,A,32.65,edge-simulated
537,B,66.36,edge-simulated
538,A,27.37,edge-simulated
538,B,27.15,edge-simulated
539,A,32.88,edge-simulated
539,B,32.41,edge-simulated
540,A,30.75,edge-simulated
540,B,14.45,edge-simulated
541,A,26.86,edge-simulated
541,B,31.88,edge-simulated
542,A,28.71,edge-simulated
542,B,68.17,edge-simulated
543,A,27.06,edge-simulated
543,B,35.74,edge-simulated
544,A,28.87,edge-simulated
544,B,26.56,edge-simulated
545,A,29.83,edge-simulated
545,B,28.85,edge-simulated
546,A,27.35,edge-simulated
546,B,21.06,edge-simulated
547,A,25.59,edge-simulated
547,B,41.83,edge-simulated
548,A,30.86,edge-simulated
548,B,36.07,edge-simulated
549,A,29.96,edge-simulated
549,B,22.43,edge-simulated
550,A,35.92,edge-simulated
550,B,28.44,edge-simulated
551,A,24.88,edge-simulated
551,B,22.75,edge-simulated
552,A,25.98,edge-simulated
552,B,28.87,edge-simulated
553,A,30.82,edge-simulated
553,B,63.61,edge-simulated
554,A,33.58,edge-simulated
554,B,30.28,edge-simulated
555,A,40.14,edge-simulated
555,B,28.68,edge-simulated
556,A,32.87,edge-simulated
556,B,27.82,edge-simulated
557,A,23.02,edge-simulated
557,B,30.9,edge-simulated
558,A,79.66,edge-simulated
558,B,35.5,edge-simulated
559,A,26.64,edge-simulated
559,B,33.43,edge-simulated
560,A,28.38,edge-simulated
560,B,34.15,edge-simulated
561,A,18.23,edge-simulated
561,B,41.28,edge-simulated
562,A,26.06,edge-simulated
562,B,26.9,edge-simulated
563,A,25.14,edge-simulated
563,B,21.29,edge-simulated
564,A,31.61,edge-simulated
564,B,33.73,edge-simulated
565,A,31.19,edge-simulated
565,B,26.97,edge-simulated
566,A,26.89,edge-simulated
566,B,25.8,edge-simulated
567,A,30.51,edge-simulated
567,B,35.33,edge-simulated
568,A,32.36,edge-simulated
568,B,35.95,edge-simulated
569,A,27.98,edge-simulated
569,B,23.1,edge-simulated
570,A,43.25,edge-simulated
570,B,37.7,edge-simulated
571,A,33.76,edge-simulated
571,B,28.5,edge-simulated
572,A,25.66,edge-simulated
572,B,39.46,edge-simulated
573,A,28.08,edge-simulated
573,B,29.72,edge-simulated
574,A,29.24,edge-simulated
574,B,27.54,edge-simulated
575,A,37.41,edge-simulated
575,B,32.19,edge-simulated
576,A,31.82,edge-simulated
576,B,29.08,edge-simulated
577,A,39.43,edge-simulated
577,B,31.63,edge-simulated
578,A,37.41,edge-simulated
578,B,64.99,edge-simulated
579,A,28.9,edge-simulated
579,B,20.18,edge-simulated
580,A,21.72,edge-simulated
580,B,33.23,edge-simulated
581,A,27.74,edge-simulated
581,B,28.99,edge-simulated
582,A,71.49,edge-simulated
582,B,24.38,edge-simulated
583,A,35.62,edge-simulated
583,B,28.45,edge-simulated
584,A,21.5,edge-simulated
584,B,74.17,edge-simulated
585,A,27.17,edge-simulated
585,B,29.57,edge-simulated
586,A,31.38,edge-simulated
586,B,27.79,edge-simulated
587,A,23.9,edge-simulated
587,B,34.96,edge-simulated
588,A,25.39,edge-simulated
588,B,25.22,edge-simulated
589,A,32.96,edge-simulated
589,B,65.57,edge-simulated
590,A,26.85,edge-simulated
590,B,32.05,edge-simulated
591,A,64.69,edge-simulated
591,B,29.3,edge-simulated
592,A,31.92,edge-simulated
592,B,32.9,edge-simulated
593,A,25.53,edge-simulated
593,B,27.33,edge-simulated
594,A,33.07,edge-simulated
594,B,28.93,edge-simulated
595,A,25.14,edge-simulated
595,B,28.38,edge-simulated
596,A,23.12,edge-simulated
596,B,33.96,edge-simulated
597,A,65.13,edge-simulated
597,B,25.16,edge-simulated
598,A,26.14,edge-simulated
598,B,23.06,edge-simulated
599,A,26.85,edge-simulated
599,B,32.6,edge-simulated
600,A,106.04,edge-simulated
600,B,142.02,edge-simulated
601,A,59.54,edge-simulated
601,B,31.84,edge-simulated
602,A,31.6,edge-simulated
602,B,74.72,edge-simulated
603,A,70.6,edge-simulated
603,B,29.79,edge-simulated
604,A,38.0,edge-simulated
604,B,20.9,edge-simulated
605,A,35.6,edge-simulated
605,B,22.92,edge-simulated
606,A,27.09,edge-simulated
606,B,28.84,edge-simulated
607,A,28.64,edge-simulated
607,B,30.31,edge-simulated
608,A,33.74,edge-simulated
608,B,28.01,edge-simulated
609,A,32.02,edge-simulated
609,B,25.81,edge-simulated
610,A,39.13,edge-simulated
610,B,52.9,edge-simulated
611,A,30.28,edge-simulated
611,B,28.73,edge-simulated
612,A,34.63,edge-simulated
612,B,20.87,edge-simulated
613,A,33.34,edge-simulated
613,B,19.84,edge-simulated
614,A,29.92,edge-simulated
614,B,25.97,edge-simulated
615,A,28.73,edge-simulated
615,B,27.51,edge-simulated
616,A,18.51,edge-simulated
616,B,33.29,edge-simulated
617,A,28.41,edge-simulated
617,B,21.68,edge-simulated
618,A,29.1,edge-simulated
618,B,31.23,edge-simulated
619,A,30.76,edge-simulated
619,B,29.94,edge-simulated
620,A,33.13,edge-simulated
620,B,25.0,edge-simulated
621,A,21.47,edge-simulated
621,B,61.85,edge-simulated
622,A,66.71,edge-simulated
622,B,28.63,edge-simulated
623,A,66.55,edge-simulated
623,B,30.59,edge-simulated
624,A,39.55,edge-simulated
624,B,32.56,edge-simulated
625,A,24.57,edge-simulated
625,B,32.53,edge-simulated
626,A,82.81,edge-simulated
626,B,32.29,edge-simulated
627,A,35.29,edge-simulated
627,B,31.94,edge-simulated
628,A,25.51,edge-simulated
628,B,37.22,edge-simulated
629,A,40.59,edge-simulated
629,B,29.18,edge-simulated
630,A,33.01,edge-simulated
630,B,29.15,edge-simulated
631,A,31.54,edge-simulated
631,B,30.41,edge-simulated
632,A,30.16,edge-simulated
632,B,30.28,edge-simulated
633,A,25.18,edge-simulated
633,B,30.54,edge-simulated
634,A,28.51,edge-simulated
634,B,32.31,edge-simulated
635,A,30.48,edge-simulated
635,B,22.52,edge-simulated
636,A,92.77,edge-simulated
636,B,23.98,edge-simulated
637,A,29.93,edge-simulated
637,B,22.01,edge-simulated
638,A,27.19,edge-simulated
638,B,30.71,edge-simulated
639,A,20.53,edge-simulated
639,B,32.53,edge-simulated
640,A,23.45,edge-simulated
640,B,46.69,edge-simulated
641,A,32.91,edge-simulated
641,B,35.46,edge-simulated
642,A,33.38,edge-simulated
642,B,23.0,edge-simulated
643,A,28.49,edge-simulated
643,B,34.23,edge-simulated
644,A,27.23,edge-simulated
644,B,31.05,edge-simulated
645,A,31.4,edge-simulated
645,B,28.46,edge-simulated
646,A,28.03,edge-simulated
646,B,35.04,edge-simulated
647,A,31.74,edge-simulated
647,B,39.16,edge-simulated
648,A,28.72,edge-simulated
648,B,32.08,edge-simulated
649,A,25.87,edge-simulated
649,B,29.15,edge-simulated
650,A,19.19,edge-simulated
650,B,34.47,edge-simulated
651,A,30.77,edge-simulated
651,B,24.41,edge-simulated
652,A,25.21,edge-simulated
652,B,29.0,edge-simulated
653,A,26.85,edge-simulated
653,B,36.05,edge-simulated
654,A,64.74,edge-simulated
654,B,25.91,edge-simulated
655,A,32.11,edge-simulated
655,B,29.94,edge-simulated
656,A,29.89,edge-simulated
656,B,30.36,edge-simulated
657,A,30.2,edge-simulated
657,B,26.44,edge-simulated
658,A,28.38,edge-simulated
658,B,27.87,edge-simulated
659,A,30.59,edge-simulated
659,B,32.53,edge-simulated
660,A,32.21,edge-simulated
660,B,32.62,edge-simulated
661,A,30.82,edge-simulated
661,B,30.27,edge-simulated
662,A,28.35,edge-simulated
662,B,27.13,edge-simulated
663,A,31.57,edge-simulated
663,B,54.94,edge-simulated
664,A,33.84,edge-simulated
664,B,39.47,edge-simulated
665,A,38.53,edge-simulated
665,B,67.7,edge-simulated
666,A,27.53,edge-simulated
666,B,29.33,edge-simulated
667,A,26.58,edge-simulated
667,B,46.7,edge-simulated
668,A,33.11,edge-simulated
668,B,31.93,edge-simulated
669,A,76.53,edge-simulated
669,B,24.48,edge-simulated
670,A,32.77,edge-simulated
670,B,32.09,edge-simulated
671,A,36.07,edge-simulated
671,B,90.16,edge-simulated
672,A,31.78,edge-simulated
672,B,29.76,edge-simulated
673,A,41.75,edge-simulated
673,B,32.85,edge-simulated
674,A,29.82,edge-simulated
674,B,35.14,edge-simulated
675,A,31.7,edge-simulated
675,B,40.17,edge-simulated
676,A,75.24,edge-simulated
676,B,25.41,edge-simulated
677,A,69.21,edge-simulated
677,B,31.92,edge-simulated
678,A,57.88,edge-simulated
678,B,32.41,edge-simulated
679,A,25.94,edge-simulated
679,B,33.88,edge-simulated
680,A,31.53,edge-simulated
680,B,33.72,edge-simulated
681,A,26.43,edge-simulated
681,B,35.07,edge-simulated
682,A,35.42,edge-simulated
682,B,29.47,edge-simulated
683,A,27.91,edge-simulated
683,B,30.33,edge-simulated
684,A,31.11,edge-simulated
684,B,26.95,edge-simulated
685,A,30.86,edge-simulated
685,B,29.09,edge-simulated
686,A,19.97,edge-simulated
686,B,38.13,edge-simulated
687,A,28.28,edge-simulated
687,B,27.04,edge-simulated
688,A,24.08,edge-simulated
688,B,29.3,edge-simulated
689,A,35.07,edge-simulated
689,B,30.82,edge-simulated
690,A,28.79,edge-simulated
690,B,28.62,edge-simulated
691,A,80.62,edge-simulated
691,B,18.79,edge-simulated
692,A,12.9,edge-simulated
692,B,33.52,edge-simulated
693,A,31.86,edge-simulated
693,B,78.62,edge-simulated
694,A,30.79,edge-simulated
694,B,87.34,edge-simulated
695,A,28.68,edge-simulated
695,B,30.3,edge-simulated
696,A,30.62,edge-simulated
696,B,35.29,edge-simulated
697,A,24.46,edge-simulated
697,B,34.69,edge-simulated
698,A,33.36,edge-simulated
698,B,26.54,edge-simulated
699,A,35.81,edge-simulated
699,B,30.91,edge-simulated
700,A,142.74,edge-simulated
700,B,151.7,edge-simulated
701,A,28.22,edge-simulated
701,B,73.35,edge-simulated
702,A,26.85,edge-simulated
702,B,28.47,edge-simulated
703,A,36.36,edge-simulated
703,B,31.93,edge-simulated
704,A,28.71,edge-simulated
704,B,34.25,edge-simulated
705,A,31.65,edge-simulated
705,B,26.29,edge-simulated
706,A,25.46,edge-simulated
706,B,25.13,edge-simulated
707,A,33.07,edge-simulated
707,B,64.54,edge-simulated
708,A,26.28,edge-simulated
708,B,29.67,edge-simulated
709,A,60.93,edge-simulated
709,B,32.06,edge-simulated
710,A,24.22,edge-simulated
710,B,28.44,edge-simulated
711,A,29.0,edge-simulated
711,B,26.79,edge-simulated
712,A,35.04,edge-simulated
712,B,28.33,edge-simulated
713,A,32.03,edge-simulated
713,B,25.95,edge-simulated
714,A,75.52,edge-simulated
714,B,36.53,edge-simulated
715,A,33.36,edge-simulated
715,B,31.85,edge-simulated
716,A,25.99,edge-simulated
716,B,16.53,edge-simulated
717,A,18.55,edge-simulated
717,B,31.62,edge-simulated
718,A,38.15,edge-simulated
718,B,27.41,edge-simulated
719,A,21.77,edge-simulated
719,B,57.71,edge-simulated
720,A,42.37,edge-simulated
720,B,29.2,edge-simulated
721,A,18.74,edge-simulated
721,B,30.71,edge-simulated
722,A,29.04,edge-simulated
722,B,90.0,edge-simulated
723,A,78.25,edge-simulated
723,B,28.31,edge-simulated
724,A,33.76,edge-simulated
724,B,28.57,edge-simulated
725,A,73.83,edge-simulated
725,B,33.17,edge-simulated
726,A,22.22,edge-simulated
726,B,30.58,edge-simulated
727,A,63.44,edge-simulated
727,B,27.96,edge-simulated
728,A,33.34,edge-simulated
728,B,35.5,edge-simulated
729,A,34.58,edge-simulated
729,B,22.21,edge-simulated
730,A,29.45,edge-simulated
730,B,26.6,edge-simulated
731,A,32.85,edge-simulated
731,B,36.85,edge-simulated
732,A,26.6,edge-simulated
732,B,26.49,edge-simulated
733,A,21.26,edge-simulated
733,B,19.4,edge-simulated
734,A,29.02,edge-simulated
734,B,25.05,edge-simulated
735,A,29.86,edge-simulated
735,B,30.78,edge-simulated
736,A,25.29,edge-simulated
736,B,56.13,edge-simulated
737,A,66.94,edge-simulated
737,B,30.21,edge-simulated
738,A,22.76,edge-simulated
738,B,37.9,edge-simulated
739,A,32.53,edge-simulated
739,B,32.65,edge-simulated
740,A,30.11,edge-simulated
740,B,29.06,edge-simulated
741,A,39.17,edge-simulated
741,B,30.12,edge-simulated
742,A,27.35,edge-simulated
742,B,28.23,edge-simulated
743,A,23.83,edge-simulated
743,B,37.29,edge-simulated
744,A,23.63,edge-simulated
744,B,31.7,edge-simulated
745,A,32.95,edge-simulated
745,B,21.57,edge-simulated
746,A,33.65,edge-simulated
746,B,26.43,edge-simulated
747,A,24.18,edge-simulated
747,B,27.86,edge-simulated
748,A,24.29,edge-simulated
748,B,33.52,edge-simulated
749,A,39.25,edge-simulated
749,B,31.87,edge-simulated
750,A,34.46,edge-simulated
750,B,32.18,edge-simulated
751,A,26.86,edge-simulated
751,B,73.18,edge-simulated
752,A,28.95,edge-simulated
752,B,22.63,edge-simulated
753,A,29.62,edge-simulated
753,B,24.71,edge-simulated
754,A,22.75,edge-simulated
754,B,27.92,edge-simulated
755,A,67.44,edge-simulated
755,B,24.9,edge-simulated
756,A,27.28,edge-simulated
756,B,35.17,edge-simulated
757,A,26.85,edge-simulated
757,B,19.89,edge-simulated
758,A,38.71,edge-simulated
758,B,76.51,edge-simulated
759,A,28.41,edge-simulated
759,B,26.95,edge-simulated
760,A,28.79,edge-simulated
760,B,25.85,edge-simulated
761,A,69.38,edge-simulated
761,B,27.1,edge-simulated
762,A,32.36,edge-simulated
762,B,29.42,edge-simulated
763,A,32.85,edge-simulated
763,B,29.74,edge-simulated
764,A,37.47,edge-simulated
764,B,33.9,edge-simulated
765,A,21.98,edge-simulated
765,B,32.69,edge-simulated
766,A,29.38,edge-simulated
766,B,62.93,edge-simulated
767,A,30.5,edge-simulated
767,B,40.22,edge-simulated
768,A,28.37,edge-simulated
768,B,34.77,edge-simulated
769,A,26.9,edge-simulated
769,B,33.02,edge-simulated
770,A,31.99,edge-simulated
770,B,35.9,edge-simulated
771,A,28.92,edge-simulated
771,B,26.13,edge-simulated
772,A,28.72,edge-simulated
772,B,25.33,edge-simulated
773,A,66.13,edge-simulated
773,B,32.69,edge-simulated
774,A,23.87,edge-simulated
774,B,23.54,edge-simulated
775,A,30.79,edge-simulated
775,B,71.78,edge-simulated
776,A,30.07,edge-simulated
776,B,31.77,edge-simulated
777,A,36.16,edge-simulated
777,B,25.56,edge-simulated
778,A,23.46,edge-simulated
778,B,28.37,edge-simulated
779,A,27.5,edge-simulated
779,B,26.04,edge-simulated
780,A,20.59,edge-simulated
780,B,32.71,edge-simulated
781,A,35.17,edge-simulated
781,B,37.47,edge-simulated
782,A,29.52,edge-simulated
782,B,32.27,edge-simulated
783,A,36.86,edge-simulated
783,B,30.22,edge-simulated
784,A,28.93,edge-simulated
784,B,24.02,edge-simulated
785,A,31.69,edge-simulated
785,B,28.51,edge-simulated
786,A,38.5,edge-simulated
786,B,29.41,edge-simulated
787,A,32.3,edge-simulated
787,B,19.88,edge-simulated
788,A,86.59,edge-simulated
788,B,21.37,edge-simulated
789,A,29.86,edge-simulated
789,B,37.49,edge-simulated
790,A,27.15,edge-simulated
790,B,30.45,edge-simulated
791,A,27.33,edge-simulated
791,B,32.11,edge-simulated
792,A,31.15,edge-simulated
792,B,27.24,edge-simulated
793,A,28.68,edge-simulated
793,B,33.0,edge-simulated
794,A,29.3,edge-simulated
794,B,27.64,edge-simulated
795,A,34.94,edge-simulated
795,B,21.65,edge-simulated
796,A,29.84,edge-simulated
796,B,30.95,edge-simulated
797,A,64.33,edge-simulated
797,B,32.67,edge-simulated
798,A,56.08,edge-simulated
798,B,37.26,edge-simulated
799,A,31.24,edge-simulated
799,B,21.7,edge-simulated
800,A,193.71,edge-simulated
800,B,120.46,edge-simulated
801,A,34.05,edge-simulated
801,B,25.82,edge-simulated
802,A,30.1,edge-simulated
802,B,29.35,edge-simulated
803,A,28.91,edge-simulated
803,B,30.38,edge-simulated
804,A,32.21,edge-simulated
804,B,26.06,edge-simulated
805,A,28.97,edge-simulated
805,B,77.37,edge-simulated
806,A,31.75,edge-simulated
806,B,27.82,edge-simulated
807,A,31.91,edge-simulated
807,B,34.66,edge-simulated
808,A,32.87,edge-simulated
808,B,81.14,edge-simulated
809,A,32.5,edge-simulated
809,B,29.91,edge-simulated
810,A,22.81,edge-simulated
810,B,31.88,edge-simulated
811,A,34.66,edge-simulated
811,B,26.31,edge-simulated
812,A,32.4,edge-simulated
812,B,29.05,edge-simulated
813,A,25.9,edge-simulated
813,B,26.27,edge-simulated
814,A,27.29,edge-simulated
814,B,25.01,edge-simulated
815,A,34.47,edge-simulated
815,B,29.03,edge-simulated
816,A,32.33,edge-simulated
816,B,34.28,edge-simulated
817,A,29.03,edge-simulated
817,B,27.94,edge-simulated
818,A,29.76,edge-simulated
818,B,36.23,edge-simulated
819,A,34.18,edge-simulated
819,B,36.12,edge-simulated
820,A,24.06,edge-simulated
820,B,32.28,edge-simulated
821,A,29.78,edge-simulated
821,B,33.41,edge-simulated
822,A,29.59,edge-simulated
822,B,24.82,edge-simulated
823,A,37.81,edge-simulated
823,B,28.97,edge-simulated
824,A,27.57,edge-simulated
824,B,31.54,edge-simulated
825,A,26.37,edge-simulated
825,B,27.94,edge-simulated
826,A,37.27,edge-simulated
826,B,24.34,edge-simulated
827,A,28.11,edge-simulated
827,B,30.71,edge-simulated
828,A,27.44,edge-simulated
828,B,23.29,edge-simulated
829,A,38.21,edge-simulated
829,B,31.79,edge-simulated
830,A,35.49,edge-simulated
830,B,28.32,edge-simulated
831,A,34.18,edge-simulated
831,B,42.94,edge-simulated
832,A,49.41,edge-simulated
832,B,26.72,edge-simulated
833,A,72.87,edge-simulated
833,B,34.45,edge-simulated
834,A,28.49,edge-simulated
834,B,33.84,edge-simulated
835,A,18.03,edge-simulated
835,B,37.36,edge-simulated
836,A,31.38,edge-simulated
836,B,18.25,edge-simulated
837,A,36.49,edge-simulated
837,B,31.58,edge-simulated
838,A,30.74,edge-simulated
838,B,31.69,edge-simulated
839,A,37.71,edge-simulated
839,B,17.68,edge-simulated
840,A,28.66,edge-simulated
840,B,29.86,edge-simulated
841,A,24.92,edge-simulated
841,B,29.59,edge-simulated
842,A,30.4,edge-simulated
842,B,27.12,edge-simulated
843,A,29.74,edge-simulated
843,B,42.21,edge-simulated
844,A,35.08,edge-simulated
844,B,34.88,edge-simulated
845,A,21.94,edge-simulated
845,B,31.8,edge-simulated
846,A,28.79,edge-simulated
846,B,30.88,edge-simulated
847,A,28.12,edge-simulated
847,B,35.48,edge-simulated
848,A,30.36,edge-simulated
848,B,60.18,edge-simulated
849,A,69.37,edge-simulated
849,B,29.64,edge-simulated
850,A,22.69,edge-simulated
850,B,36.74,edge-simulated
851,A,28.32,edge-simulated
851,B,22.94,edge-simulated
852,A,30.29,edge-simulated
852,B,30.2,edge-simulated
853,A,26.76,edge-simulated
853,B,35.56,edge-simulated
854,A,27.76,edge-simulated
854,B,39.15,edge-simulated
855,A,41.18,edge-simulated
855,B,64.8,edge-simulated
856,A,27.87,edge-simulated
856,B,33.43,edge-simulated
857,A,41.38,edge-simulated
857,B,29.37,edge-simulated
858,A,93.86,edge-simulated
858,B,27.22,edge-simulated
859,A,32.26,edge-simulated
859,B,33.2,edge-simulated
860,A,36.3,edge-simulated
860,B,27.26,edge-simulated
861,A,26.48,edge-simulated
861,B,29.16,edge-simulated
862,A,27.98,edge-simulated
862,B,32.89,edge-simulated
863,A,25.91,edge-simulated
863,B,33.3,edge-simulated
864,A,33.94,edge-simulated
864,B,25.96,edge-simulated
865,A,27.13,edge-simulated
865,B,26.53,edge-simulated
866,A,29.01,edge-simulated
866,B,23.47,edge-simulated
867,A,27.36,edge-simulated
867,B,36.6,edge-simulated
868,A,67.37,edge-simulated
868,B,35.64,edge-simulated
869,A,31.25,edge-simulated
869,B,30.68,edge-simulated
870,A,33.47,edge-simulated
870,B,27.31,edge-simulated
871,A,34.32,edge-simulated
871,B,32.34,edge-simulated
872,A,33.46,edge-simulated
872,B,31.73,edge-simulated
873,A,36.15,edge-simulated
873,B,25.97,edge-simulated
874,A,19.55,edge-simulated
874,B,28.0,edge-simulated
875,A,29.85,edge-simulated
875,B,28.85,edge-simulated
876,A,80.5,edge-simulated
876,B,22.7,edge-simulated
877,A,27.94,edge-simulated
877,B,34.17,edge-simulated
878,A,27.32,edge-simulated
878,B,28.88,edge-simulated
879,A,27.26,edge-simulated
879,B,28.25,edge-simulated
880,A,30.01,edge-simulated
880,B,31.35,edge-simulated
881,A,25.3,edge-simulated
881,B,72.18,edge-simulated
882,A,72.77,edge-simulated
882,B,71.04,edge-simulated
883,A,31.01,edge-simulated
883,B,31.49,edge-simulated
884,A,31.49,edge-simulated
884,B,19.24,edge-simulated
885,A,38.94,edge-simulated
885,B,21.32,edge-simulated
886,A,21.27,edge-simulated
886,B,32.61,edge-simulated
887,A,32.86,edge-simulated
887,B,37.3,edge-simulated
888,A,38.24,edge-simulated
888,B,22.39,edge-simulated
889,A,32.21,edge-simulated
889,B,30.88,edge-simulated
890,A,27.01,edge-simulated
890,B,21.71,edge-simulated
891,A,20.64,edge-simulated
891,B,29.66,edge-simulated
892,A,26.59,edge-simulated
892,B,24.87,edge-simulated
893,A,26.68,edge-simulated
893,B,69.16,edge-simulated
894,A,25.27,edge-simulated
894,B,31.6,edge-simulated
895,A,38.75,edge-simulated
895,B,22.72,edge-simulated
896,A,19.8,edge-simulated
896,B,40.01,edge-simulated
897,A,34.77,edge-simulated
897,B,33.83,edge-simulated
898,A,49.61,edge-simulated
898,B,27.42,edge-simulated
899,A,26.83,edge-simulated
899,B,29.17,edge-simulated
900,A,175.8,edge-simulated
900,B,118.19,edge-simulated
901,A,28.72,edge-simulated
901,B,37.57,edge-simulated
902,A,34.95,edge-simulated
902,B,36.62,edge-simulated
903,A,61.58,edge-simulated
903,B,32.49,edge-simulated
904,A,26.02,edge-simulated
904,B,30.15,edge-simulated
905,A,42.39,edge-simulated
905,B,30.22,edge-simulated
906,A,51.06,edge-simulated
906,B,95.65,edge-simulated
907,A,32.41,edge-simulated
907,B,30.23,edge-simulated
908,A,30.98,edge-simulated
908,B,28.41,edge-simulated
909,A,29.04,edge-simulated
909,B,85.34,edge-simulated
910,A,27.52,edge-simulated
910,B,32.38,edge-simulated
911,A,23.12,edge-simulated
911,B,34.72,edge-simulated
912,A,31.04,edge-simulated
912,B,24.21,edge-simulated
913,A,33.61,edge-simulated
913,B,27.97,edge-simulated
914,A,35.86,edge-simulated
914,B,35.87,edge-simulated
915,A,72.64,edge-simulated
915,B,30.62,edge-simulated
916,A,24.74,edge-simulated
916,B,65.77,edge-simulated
917,A,66.86,edge-simulated
917,B,28.04,edge-simulated
918,A,36.5,edge-simulated
918,B,37.5,edge-simulated
919,A,9.17,edge-simulated
919,B,32.97,edge-simulated
920,A,31.29,edge-simulated
920,B,34.4,edge-simulated
921,A,26.52,edge-simulated
921,B,27.11,edge-simulated
922,A,24.65,edge-simulated
922,B,27.67,edge-simulated
923,A,26.37,edge-simulated
923,B,25.18,edge-simulated
924,A,26.79,edge-simulated
924,B,27.63,edge-simulated
925,A,33.33,edge-simulated
925,B,36.15,edge-simulated
926,A,30.31,edge-simulated
926,B,24.71,edge-simulated
927,A,12.53,edge-simulated
927,B,32.28,edge-simulated
928,A,30.38,edge-simulated
928,B,76.84,edge-simulated
929,A,71.88,edge-simulated
929,B,34.69,edge-simulated
930,A,32.41,edge-simulated
930,B,28.38,edge-simulated
931,A,31.45,edge-simulated
931,B,30.28,edge-simulated
932,A,30.64,edge-simulated
932,B,32.24,edge-simulated
933,A,24.39,edge-simulated
933,B,17.72,edge-simulated
934,A,30.07,edge-simulated
934,B,27.65,edge-simulated
935,A,33.51,edge-simulated
935,B,31.75,edge-simulated
936,A,23.66,edge-simulated
936,B,29.44,edge-simulated
937,A,37.22,edge-simulated
937,B,23.36,edge-simulated
938,A,38.78,edge-simulated
938,B,34.93,edge-simulated
939,A,28.82,edge-simulated
939,B,28.92,edge-simulated
940,A,28.47,edge-simulated
940,B,32.32,edge-simulated
941,A,27.86,edge-simulated
941,B,22.24,edge-simulated
942,A,22.74,edge-simulated
942,B,37.18,edge-simulated
943,A,26.33,edge-simulated
943,B,28.98,edge-simulated
944,A,25.92,edge-simulated
944,B,27.33,edge-simulated
945,A,31.16,edge-simulated
945,B,27.7,edge-simulated
946,A,26.93,edge-simulated
946,B,32.81,edge-simulated
947,A,62.62,edge-simulated
947,B,34.64,edge-simulated
948,A,27.3,edge-simulated
948,B,27.41,edge-simulated
949,A,29.91,edge-simulated
949,B,26.8,edge-simulated
950,A,35.86,edge-simulated
950,B,28.73,edge-simulated
951,A,23.33,edge-simulated
951,B,34.75,edge-simulated
952,A,17.92,edge-simulated
952,B,24.49,edge-simulated
953,A,77.26,edge-simulated
953,B,27.26,edge-simulated
954,A,26.51,edge-simulated
954,B,43.57,edge-simulated
955,A,28.31,edge-simulated
955,B,33.79,edge-simulated
956,A,34.86,edge-simulated
956,B,26.94,edge-simulated
957,A,31.1,edge-simulated
957,B,22.7,edge-simulated
958,A,31.13,edge-simulated
958,B,31.39,edge-simulated
959,A,43.15,edge-simulated
959,B,29.27,edge-simulated
960,A,35.14,edge-simulated
960,B,35.08,edge-simulated
961,A,28.58,edge-simulated
961,B,65.36,edge-simulated
962,A,24.93,edge-simulated
962,B,34.74,edge-simulated
963,A,17.79,edge-simulated
963,B,29.79,edge-simulated
964,A,27.27,edge-simulated
964,B,29.42,edge-simulated
965,A,26.63,edge-simulated
965,B,29.56,edge-simulated
966,A,23.8,edge-simulated
966,B,60.16,edge-simulated
967,A,23.04,edge-simulated
967,B,35.04,edge-simulated
968,A,33.15,edge-simulated
968,B,27.71,edge-simulated
969,A,66.85,edge-simulated
969,B,29.53,edge-simulated
970,A,33.9,edge-simulated
970,B,28.4,edge-simulated
971,A,23.34,edge-simulated
971,B,30.79,edge-simulated
972,A,33.79,edge-simulated
972,B,32.66,edge-simulated
973,A,32.73,edge-simulated
973,B,90.28,edge-simulated
974,A,31.6,edge-simulated
974,B,24.48,edge-simulated
975,A,39.6,edge-simulated
975,B,28.04,edge-simulated
976,A,39.48,edge-simulated
976,B,45.56,edge-simulated
977,A,28.81,edge-simulated
977,B,27.91,edge-simulated
978,A,39.36,edge-simulated
978,B,37.15,edge-simulated
979,A,24.63,edge-simulated
979,B,33.39,edge-simulated
980,A,33.01,edge-simulated
980,B,92.13,edge-simulated
981,A,28.96,edge-simulated
981,B,37.7,edge-simulated
982,A,33.89,edge-simulated
982,B,29.08,edge-simulated
983,A,25.67,edge-simulated
983,B,26.83,edge-simulated
984,A,35.21,edge-simulated
984,B,24.29,edge-simulated
985,A,36.69,edge-simulated
985,B,25.55,edge-simulated
986,A,23.79,edge-simulated
986,B,31.42,edge-simulated
987,A,28.39,edge-simulated
987,B,28.55,edge-simulated
988,A,42.55,edge-simulated
988,B,28.05,edge-simulated
989,A,23.81,edge-simulated
989,B,86.96,edge-simulated
990,A,28.23,edge-simulated
990,B,36.4,edge-simulated
991,A,21.75,edge-simulated
991,B,28.71,edge-simulated
992,A,31.37,edge-simulated
992,B,33.57,edge-simulated
993,A,20.5,edge-simulated
993,B,27.82,edge-simulated
994,A,35.78,edge-simulated
994,B,30.95,edge-simulated
995,A,19.86,edge-simulated
995,B,29.75,edge-simulated
996,A,24.06,edge-simulated
996,B,35.14,edge-simulated
997,A,23.26,edge-simulated
997,B,81.83,edge-simulated
998,A,41.07,edge-simulated
998,B,24.78,edge-simulated
999,A,28.67,edge-simulated
999,B,31.95,edge-simulated
